section,metric,seedSet,value,n,mean,sd,min,max
run,existing.itineraryFoundRatePct,0,46.0,,,,,
run,existing.endToEndSuccessRatePct,0,46.0,,,,,
run,existing.meanAlternativesShown,0,1.0507246376811594,,,,,
run,existing.pctNeedingWholeTripParatransit,0,54.0,,,,,
run,existing.meanAbsEtaErrorMin,0,2.4444267244177604,,,,,
run,existing.crowdingKnownRatePct,0,0.0,,,,,
run,existing.crowdingAccuracyWhenKnownPct,0,0.0,,,,,
run,existing.crowdingSystemWideAccuracyPct,0,33.33333333333479,,,,,
run,existing.paratransitMatchRatePct,0,0.0,,,,,
run,existing.paratransitMeanWaitMin,0,,,,,,
run,proposed.itineraryFoundRatePct,0,96.66666666666667,,,,,
run,proposed.endToEndSuccessRatePct,0,100.0,,,,,
run,proposed.meanAlternativesShown,0,1.9655172413793103,,,,,
run,proposed.pctNeedingWholeTripParatransit,0,3.3333333333333335,,,,,
run,proposed.meanAbsEtaErrorMin,0,2.115959244797352,,,,,
run,proposed.crowdingKnownRatePct,0,25.900000000000002,,,,,
run,proposed.crowdingAccuracyWhenKnownPct,0,85.71428571428571,,,,,
run,proposed.crowdingSystemWideAccuracyPct,0,46.899999999999345,,,,,
run,proposed.paratransitMatchRatePct,0,94.3,,,,,
run,proposed.paratransitMeanWaitMin,0,6.493918619044741,,,,,
run,ablation.fr1Removed.itineraryFoundRatePct,0,96.66666666666667,,,,,
run,ablation.fr2Removed.itineraryFoundRatePct,0,60.333333333333336,,,,,
run,ablation.fr5Removed.crowdingSystemWideAccuracyPct,0,33.33333333333479,,,,,
run,ablation.fr6Removed.endToEndSuccessRatePct,0,96.66666666666667,,,,,
run,ablation.fr8Removed.paratransitMatchRatePct,0,72.93333333333332,,,,,
run,delta.fr1.itineraryFoundRatePct,0,0.0,,,,,
run,delta.fr2.itineraryFoundRatePct,0,36.333333333333336,,,,,
run,delta.fr5.crowdingSystemWideAccuracyPct,0,13.566666666664553,,,,,
run,delta.fr6.endToEndSuccessRatePct,0,3.3333333333333286,,,,,
run,delta.fr8.paratransitMatchRatePct,0,21.366666666666674,,,,,
run,network.servedStops,0,32.0,,,,,
run,network.transferNodes,0,25.0,,,,,
run,network.busRailInterchanges,0,16.0,,,,,
run,network.overlappingRoutePairs,0,36.0,,,,,
run,network.routeKm,0,493.271442674328,,,,,
run,network.meanInterStopKm,0,8.08641709302177,,,,,
run,network.railShareOfFastestItineraryPct,0,62.758620689655174,,,,,
run,network.meanTransfersFastestItinerary,0,0.9827586206896551,,,,,
run,reports.meanPerTrip,0,2.997,,,,,
run,existing.itineraryFoundRatePct,1,50.33333333333333,,,,,
run,existing.endToEndSuccessRatePct,1,50.33333333333333,,,,,
run,existing.meanAlternativesShown,1,1.0066225165562914,,,,,
run,existing.pctNeedingWholeTripParatransit,1,49.666666666666664,,,,,
run,existing.meanAbsEtaErrorMin,1,2.503449355429462,,,,,
run,existing.crowdingKnownRatePct,1,0.0,,,,,
run,existing.crowdingAccuracyWhenKnownPct,1,0.0,,,,,
run,existing.crowdingSystemWideAccuracyPct,1,33.33333333333479,,,,,
run,existing.paratransitMatchRatePct,1,0.0,,,,,
run,existing.paratransitMeanWaitMin,1,,,,,,
run,proposed.itineraryFoundRatePct,1,97.66666666666667,,,,,
run,proposed.endToEndSuccessRatePct,1,99.66666666666667,,,,,
run,proposed.meanAlternativesShown,1,1.9351535836177474,,,,,
run,proposed.pctNeedingWholeTripParatransit,1,2.3333333333333335,,,,,
run,proposed.meanAbsEtaErrorMin,1,2.1254982251790975,,,,,
run,proposed.crowdingKnownRatePct,1,26.400000000000002,,,,,
run,proposed.crowdingAccuracyWhenKnownPct,1,84.97474747474747,,,,,
run,proposed.crowdingSystemWideAccuracyPct,1,46.966666666665965,,,,,
run,proposed.paratransitMatchRatePct,1,94.93333333333334,,,,,
run,proposed.paratransitMeanWaitMin,1,6.572577744907492,,,,,
run,ablation.fr1Removed.itineraryFoundRatePct,1,97.66666666666667,,,,,
run,ablation.fr2Removed.itineraryFoundRatePct,1,62.66666666666667,,,,,
run,ablation.fr5Removed.crowdingSystemWideAccuracyPct,1,33.33333333333479,,,,,
run,ablation.fr6Removed.endToEndSuccessRatePct,1,97.66666666666667,,,,,
run,ablation.fr8Removed.paratransitMatchRatePct,1,72.53333333333333,,,,,
run,delta.fr1.itineraryFoundRatePct,1,0.0,,,,,
run,delta.fr2.itineraryFoundRatePct,1,35.0,,,,,
run,delta.fr5.crowdingSystemWideAccuracyPct,1,13.633333333331173,,,,,
run,delta.fr6.endToEndSuccessRatePct,1,2.0,,,,,
run,delta.fr8.paratransitMatchRatePct,1,22.400000000000006,,,,,
run,network.servedStops,1,35.0,,,,,
run,network.transferNodes,1,23.0,,,,,
run,network.busRailInterchanges,1,13.0,,,,,
run,network.overlappingRoutePairs,1,35.0,,,,,
run,network.routeKm,1,564.1222062489455,,,,,
run,network.meanInterStopKm,1,9.247905020474517,,,,,
run,network.railShareOfFastestItineraryPct,1,46.075085324232084,,,,,
run,network.meanTransfersFastestItinerary,1,1.068259385665529,,,,,
run,reports.meanPerTrip,1,3.0103333333333335,,,,,
run,existing.itineraryFoundRatePct,2,48.333333333333336,,,,,
run,existing.endToEndSuccessRatePct,2,48.333333333333336,,,,,
run,existing.meanAlternativesShown,2,1.0551724137931036,,,,,
run,existing.pctNeedingWholeTripParatransit,2,51.66666666666667,,,,,
run,existing.meanAbsEtaErrorMin,2,2.4684837050953585,,,,,
run,existing.crowdingKnownRatePct,2,0.0,,,,,
run,existing.crowdingAccuracyWhenKnownPct,2,0.0,,,,,
run,existing.crowdingSystemWideAccuracyPct,2,33.33333333333479,,,,,
run,existing.paratransitMatchRatePct,2,0.0,,,,,
run,existing.paratransitMeanWaitMin,2,,,,,,
run,proposed.itineraryFoundRatePct,2,99.33333333333333,,,,,
run,proposed.endToEndSuccessRatePct,2,99.66666666666667,,,,,
run,proposed.meanAlternativesShown,2,1.889261744966443,,,,,
run,proposed.pctNeedingWholeTripParatransit,2,0.6666666666666667,,,,,
run,proposed.meanAbsEtaErrorMin,2,2.0711374703026677,,,,,
run,proposed.crowdingKnownRatePct,2,27.23333333333333,,,,,
run,proposed.crowdingAccuracyWhenKnownPct,2,83.35373317013463,,,,,
run,proposed.crowdingSystemWideAccuracyPct,2,46.955555555554845,,,,,
run,proposed.paratransitMatchRatePct,2,94.43333333333334,,,,,
run,proposed.paratransitMeanWaitMin,2,6.465847581466892,,,,,
run,ablation.fr1Removed.itineraryFoundRatePct,2,85.33333333333334,,,,,
run,ablation.fr2Removed.itineraryFoundRatePct,2,63.0,,,,,
run,ablation.fr5Removed.crowdingSystemWideAccuracyPct,2,33.33333333333479,,,,,
run,ablation.fr6Removed.endToEndSuccessRatePct,2,99.33333333333333,,,,,
run,ablation.fr8Removed.paratransitMatchRatePct,2,72.83333333333334,,,,,
run,delta.fr1.itineraryFoundRatePct,2,13.999999999999986,,,,,
run,delta.fr2.itineraryFoundRatePct,2,36.33333333333333,,,,,
run,delta.fr5.crowdingSystemWideAccuracyPct,2,13.622222222220053,,,,,
run,delta.fr6.endToEndSuccessRatePct,2,0.3333333333333428,,,,,
run,delta.fr8.paratransitMatchRatePct,2,21.599999999999994,,,,,
run,network.servedStops,2,36.0,,,,,
run,network.transferNodes,2,21.0,,,,,
run,network.busRailInterchanges,2,6.0,,,,,
run,network.overlappingRoutePairs,2,36.0,,,,,
run,network.routeKm,2,599.8447035448982,,,,,
run,network.meanInterStopKm,2,9.833519730244232,,,,,
run,network.railShareOfFastestItineraryPct,2,53.355704697986575,,,,,
run,network.meanTransfersFastestItinerary,2,0.9429530201342282,,,,,
run,reports.meanPerTrip,2,3.050333333333333,,,,,
run,existing.itineraryFoundRatePct,3,53.666666666666664,,,,,
run,existing.endToEndSuccessRatePct,3,53.666666666666664,,,,,
run,existing.meanAlternativesShown,3,1.0248447204968945,,,,,
run,existing.pctNeedingWholeTripParatransit,3,46.33333333333333,,,,,
run,existing.meanAbsEtaErrorMin,3,2.5777898831505777,,,,,
run,existing.crowdingKnownRatePct,3,0.0,,,,,
run,existing.crowdingAccuracyWhenKnownPct,3,0.0,,,,,
run,existing.crowdingSystemWideAccuracyPct,3,33.33333333333479,,,,,
run,existing.paratransitMatchRatePct,3,0.0,,,,,
run,existing.paratransitMeanWaitMin,3,,,,,,
run,proposed.itineraryFoundRatePct,3,97.0,,,,,
run,proposed.endToEndSuccessRatePct,3,100.0,,,,,
run,proposed.meanAlternativesShown,3,2.1512027491408934,,,,,
run,proposed.pctNeedingWholeTripParatransit,3,3.0,,,,,
run,proposed.meanAbsEtaErrorMin,3,2.18475057542111,,,,,
run,proposed.crowdingKnownRatePct,3,26.633333333333333,,,,,
run,proposed.crowdingAccuracyWhenKnownPct,3,84.35544430538174,,,,,
run,proposed.crowdingSystemWideAccuracyPct,3,46.9222222222215,,,,,
run,proposed.paratransitMatchRatePct,3,93.89999999999999,,,,,
run,proposed.paratransitMeanWaitMin,3,6.575347272180496,,,,,
run,ablation.fr1Removed.itineraryFoundRatePct,3,81.66666666666667,,,,,
run,ablation.fr2Removed.itineraryFoundRatePct,3,64.0,,,,,
run,ablation.fr5Removed.crowdingSystemWideAccuracyPct,3,33.33333333333479,,,,,
run,ablation.fr6Removed.endToEndSuccessRatePct,3,97.0,,,,,
run,ablation.fr8Removed.paratransitMatchRatePct,3,72.06666666666666,,,,,
run,delta.fr1.itineraryFoundRatePct,3,15.333333333333329,,,,,
run,delta.fr2.itineraryFoundRatePct,3,33.0,,,,,
run,delta.fr5.crowdingSystemWideAccuracyPct,3,13.588888888886707,,,,,
run,delta.fr6.endToEndSuccessRatePct,3,3.0,,,,,
run,delta.fr8.paratransitMatchRatePct,3,21.83333333333333,,,,,
run,network.servedStops,3,36.0,,,,,
run,network.transferNodes,3,18.0,,,,,
run,network.busRailInterchanges,3,10.0,,,,,
run,network.overlappingRoutePairs,3,35.0,,,,,
run,network.routeKm,3,589.3480199058056,,,,,
run,network.meanInterStopKm,3,9.661442949275502,,,,,
run,network.railShareOfFastestItineraryPct,3,56.3573883161512,,,,,
run,network.meanTransfersFastestItinerary,3,1.168384879725086,,,,,
run,reports.meanPerTrip,3,2.9756666666666667,,,,,
run,existing.itineraryFoundRatePct,4,56.666666666666664,,,,,
run,existing.endToEndSuccessRatePct,4,56.666666666666664,,,,,
run,existing.meanAlternativesShown,4,1.011764705882353,,,,,
run,existing.pctNeedingWholeTripParatransit,4,43.333333333333336,,,,,
run,existing.meanAbsEtaErrorMin,4,2.4608833845629237,,,,,
run,existing.crowdingKnownRatePct,4,0.0,,,,,
run,existing.crowdingAccuracyWhenKnownPct,4,0.0,,,,,
run,existing.crowdingSystemWideAccuracyPct,4,33.33333333333479,,,,,
run,existing.paratransitMatchRatePct,4,0.0,,,,,
run,existing.paratransitMeanWaitMin,4,,,,,,
run,proposed.itineraryFoundRatePct,4,97.0,,,,,
run,proposed.endToEndSuccessRatePct,4,100.0,,,,,
run,proposed.meanAlternativesShown,4,1.993127147766323,,,,,
run,proposed.pctNeedingWholeTripParatransit,4,3.0,,,,,
run,proposed.meanAbsEtaErrorMin,4,2.073987065709162,,,,,
run,proposed.crowdingKnownRatePct,4,25.833333333333336,,,,,
run,proposed.crowdingAccuracyWhenKnownPct,4,84.38709677419355,,,,,
run,proposed.crowdingSystemWideAccuracyPct,4,46.52222222222148,,,,,
run,proposed.paratransitMatchRatePct,4,95.16666666666667,,,,,
run,proposed.paratransitMeanWaitMin,4,6.617053712942029,,,,,
run,ablation.fr1Removed.itineraryFoundRatePct,4,94.66666666666667,,,,,
run,ablation.fr2Removed.itineraryFoundRatePct,4,67.33333333333333,,,,,
run,ablation.fr5Removed.crowdingSystemWideAccuracyPct,4,33.33333333333479,,,,,
run,ablation.fr6Removed.endToEndSuccessRatePct,4,97.0,,,,,
run,ablation.fr8Removed.paratransitMatchRatePct,4,73.26666666666667,,,,,
run,delta.fr1.itineraryFoundRatePct,4,2.3333333333333286,,,,,
run,delta.fr2.itineraryFoundRatePct,4,29.66666666666667,,,,,
run,delta.fr5.crowdingSystemWideAccuracyPct,4,13.188888888886687,,,,,
run,delta.fr6.endToEndSuccessRatePct,4,3.0,,,,,
run,delta.fr8.paratransitMatchRatePct,4,21.900000000000006,,,,,
run,network.servedStops,4,34.0,,,,,
run,network.transferNodes,4,21.0,,,,,
run,network.busRailInterchanges,4,10.0,,,,,
run,network.overlappingRoutePairs,4,33.0,,,,,
run,network.routeKm,4,566.5054088672098,,,,,
run,network.meanInterStopKm,4,9.286973915855897,,,,,
run,network.railShareOfFastestItineraryPct,4,57.38831615120275,,,,,
run,network.meanTransfersFastestItinerary,4,1.1030927835051547,,,,,
run,reports.meanPerTrip,4,3.034666666666667,,,,,
run,existing.itineraryFoundRatePct,5,53.333333333333336,,,,,
run,existing.endToEndSuccessRatePct,5,53.333333333333336,,,,,
run,existing.meanAlternativesShown,5,1.00625,,,,,
run,existing.pctNeedingWholeTripParatransit,5,46.666666666666664,,,,,
run,existing.meanAbsEtaErrorMin,5,2.516223455231442,,,,,
run,existing.crowdingKnownRatePct,5,0.0,,,,,
run,existing.crowdingAccuracyWhenKnownPct,5,0.0,,,,,
run,existing.crowdingSystemWideAccuracyPct,5,33.33333333333479,,,,,
run,existing.paratransitMatchRatePct,5,0.0,,,,,
run,existing.paratransitMeanWaitMin,5,,,,,,
run,proposed.itineraryFoundRatePct,5,96.33333333333334,,,,,
run,proposed.endToEndSuccessRatePct,5,99.66666666666667,,,,,
run,proposed.meanAlternativesShown,5,1.9896193771626298,,,,,
run,proposed.pctNeedingWholeTripParatransit,5,3.6666666666666665,,,,,
run,proposed.meanAbsEtaErrorMin,5,2.2113862725510973,,,,,
run,proposed.crowdingKnownRatePct,5,22.566666666666666,,,,,
run,proposed.crowdingAccuracyWhenKnownPct,5,81.97932053175776,,,,,
run,proposed.crowdingSystemWideAccuracyPct,5,44.31111111111076,,,,,
run,proposed.paratransitMatchRatePct,5,95.19999999999999,,,,,
run,proposed.paratransitMeanWaitMin,5,6.534399952191175,,,,,
run,ablation.fr1Removed.itineraryFoundRatePct,5,86.0,,,,,
run,ablation.fr2Removed.itineraryFoundRatePct,5,63.33333333333333,,,,,
run,ablation.fr5Removed.crowdingSystemWideAccuracyPct,5,33.33333333333479,,,,,
run,ablation.fr6Removed.endToEndSuccessRatePct,5,96.33333333333334,,,,,
run,ablation.fr8Removed.paratransitMatchRatePct,5,72.89999999999999,,,,,
run,delta.fr1.itineraryFoundRatePct,5,10.333333333333343,,,,,
run,delta.fr2.itineraryFoundRatePct,5,33.000000000000014,,,,,
run,delta.fr5.crowdingSystemWideAccuracyPct,5,10.97777777777597,,,,,
run,delta.fr6.endToEndSuccessRatePct,5,3.3333333333333286,,,,,
run,delta.fr8.paratransitMatchRatePct,5,22.299999999999997,,,,,
run,network.servedStops,5,35.0,,,,,
run,network.transferNodes,5,21.0,,,,,
run,network.busRailInterchanges,5,11.0,,,,,
run,network.overlappingRoutePairs,5,33.0,,,,,
run,network.routeKm,5,632.7688909012961,,,,,
run,network.meanInterStopKm,5,10.373260506578625,,,,,
run,network.railShareOfFastestItineraryPct,5,60.207612456747405,,,,,
run,network.meanTransfersFastestItinerary,5,1.0726643598615917,,,,,
run,reports.meanPerTrip,5,2.975,,,,,
run,existing.itineraryFoundRatePct,6,54.333333333333336,,,,,
run,existing.endToEndSuccessRatePct,6,54.333333333333336,,,,,
run,existing.meanAlternativesShown,6,1.0552147239263803,,,,,
run,existing.pctNeedingWholeTripParatransit,6,45.666666666666664,,,,,
run,existing.meanAbsEtaErrorMin,6,2.5373106295754813,,,,,
run,existing.crowdingKnownRatePct,6,0.0,,,,,
run,existing.crowdingAccuracyWhenKnownPct,6,0.0,,,,,
run,existing.crowdingSystemWideAccuracyPct,6,33.33333333333479,,,,,
run,existing.paratransitMatchRatePct,6,0.0,,,,,
run,existing.paratransitMeanWaitMin,6,,,,,,
run,proposed.itineraryFoundRatePct,6,97.66666666666667,,,,,
run,proposed.endToEndSuccessRatePct,6,100.0,,,,,
run,proposed.meanAlternativesShown,6,1.9385665529010239,,,,,
run,proposed.pctNeedingWholeTripParatransit,6,2.3333333333333335,,,,,
run,proposed.meanAbsEtaErrorMin,6,2.1486630777453746,,,,,
run,proposed.crowdingKnownRatePct,6,26.033333333333335,,,,,
run,proposed.crowdingAccuracyWhenKnownPct,6,84.25096030729834,,,,,
run,proposed.crowdingSystemWideAccuracyPct,6,46.58888888888814,,,,,
run,proposed.paratransitMatchRatePct,6,94.96666666666667,,,,,
run,proposed.paratransitMeanWaitMin,6,6.7581111104650855,,,,,
run,ablation.fr1Removed.itineraryFoundRatePct,6,92.33333333333333,,,,,
run,ablation.fr2Removed.itineraryFoundRatePct,6,64.33333333333333,,,,,
run,ablation.fr5Removed.crowdingSystemWideAccuracyPct,6,33.33333333333479,,,,,
run,ablation.fr6Removed.endToEndSuccessRatePct,6,97.66666666666667,,,,,
run,ablation.fr8Removed.paratransitMatchRatePct,6,72.16666666666667,,,,,
run,delta.fr1.itineraryFoundRatePct,6,5.333333333333343,,,,,
run,delta.fr2.itineraryFoundRatePct,6,33.33333333333334,,,,,
run,delta.fr5.crowdingSystemWideAccuracyPct,6,13.25555555555335,,,,,
run,delta.fr6.endToEndSuccessRatePct,6,2.3333333333333286,,,,,
run,delta.fr8.paratransitMatchRatePct,6,22.799999999999997,,,,,
run,network.servedStops,6,33.0,,,,,
run,network.transferNodes,6,25.0,,,,,
run,network.busRailInterchanges,6,12.0,,,,,
run,network.overlappingRoutePairs,6,32.0,,,,,
run,network.routeKm,6,627.8987550406755,,,,,
run,network.meanInterStopKm,6,10.293422213781566,,,,,
run,network.railShareOfFastestItineraryPct,6,59.044368600682596,,,,,
run,network.meanTransfersFastestItinerary,6,0.9658703071672355,,,,,
run,reports.meanPerTrip,6,2.9646666666666666,,,,,
run,existing.itineraryFoundRatePct,7,54.0,,,,,
run,existing.endToEndSuccessRatePct,7,54.0,,,,,
run,existing.meanAlternativesShown,7,1.0246913580246915,,,,,
run,existing.pctNeedingWholeTripParatransit,7,46.0,,,,,
run,existing.meanAbsEtaErrorMin,7,2.4623167987095047,,,,,
run,existing.crowdingKnownRatePct,7,0.0,,,,,
run,existing.crowdingAccuracyWhenKnownPct,7,0.0,,,,,
run,existing.crowdingSystemWideAccuracyPct,7,33.33333333333479,,,,,
run,existing.paratransitMatchRatePct,7,0.0,,,,,
run,existing.paratransitMeanWaitMin,7,,,,,,
run,proposed.itineraryFoundRatePct,7,97.66666666666667,,,,,
run,proposed.endToEndSuccessRatePct,7,100.0,,,,,
run,proposed.meanAlternativesShown,7,1.8839590443686007,,,,,
run,proposed.pctNeedingWholeTripParatransit,7,2.3333333333333335,,,,,
run,proposed.meanAbsEtaErrorMin,7,2.068603771743398,,,,,
run,proposed.crowdingKnownRatePct,7,28.7,,,,,
run,proposed.crowdingAccuracyWhenKnownPct,7,84.3205574912892,,,,,
run,proposed.crowdingSystemWideAccuracyPct,7,47.9666666666659,,,,,
run,proposed.paratransitMatchRatePct,7,94.89999999999999,,,,,
run,proposed.paratransitMeanWaitMin,7,6.41968953308309,,,,,
run,ablation.fr1Removed.itineraryFoundRatePct,7,94.33333333333334,,,,,
run,ablation.fr2Removed.itineraryFoundRatePct,7,64.0,,,,,
run,ablation.fr5Removed.crowdingSystemWideAccuracyPct,7,33.33333333333479,,,,,
run,ablation.fr6Removed.endToEndSuccessRatePct,7,97.66666666666667,,,,,
run,ablation.fr8Removed.paratransitMatchRatePct,7,73.36666666666667,,,,,
run,delta.fr1.itineraryFoundRatePct,7,3.3333333333333286,,,,,
run,delta.fr2.itineraryFoundRatePct,7,33.66666666666667,,,,,
run,delta.fr5.crowdingSystemWideAccuracyPct,7,14.633333333331109,,,,,
run,delta.fr6.endToEndSuccessRatePct,7,2.3333333333333286,,,,,
run,delta.fr8.paratransitMatchRatePct,7,21.533333333333317,,,,,
run,network.servedStops,7,34.0,,,,,
run,network.transferNodes,7,24.0,,,,,
run,network.busRailInterchanges,7,13.0,,,,,
run,network.overlappingRoutePairs,7,32.0,,,,,
run,network.routeKm,7,625.597145156527,,,,,
run,network.meanInterStopKm,7,10.255690904205359,,,,,
run,network.railShareOfFastestItineraryPct,7,58.02047781569966,,,,,
run,network.meanTransfersFastestItinerary,7,0.9283276450511946,,,,,
run,reports.meanPerTrip,7,3.0486666666666666,,,,,
run,existing.itineraryFoundRatePct,8,52.33333333333333,,,,,
run,existing.endToEndSuccessRatePct,8,52.33333333333333,,,,,
run,existing.meanAlternativesShown,8,1.0382165605095541,,,,,
run,existing.pctNeedingWholeTripParatransit,8,47.66666666666667,,,,,
run,existing.meanAbsEtaErrorMin,8,2.441838649793749,,,,,
run,existing.crowdingKnownRatePct,8,0.0,,,,,
run,existing.crowdingAccuracyWhenKnownPct,8,0.0,,,,,
run,existing.crowdingSystemWideAccuracyPct,8,33.33333333333479,,,,,
run,existing.paratransitMatchRatePct,8,0.0,,,,,
run,existing.paratransitMeanWaitMin,8,,,,,,
run,proposed.itineraryFoundRatePct,8,98.66666666666667,,,,,
run,proposed.endToEndSuccessRatePct,8,99.33333333333333,,,,,
run,proposed.meanAlternativesShown,8,2.1182432432432434,,,,,
run,proposed.pctNeedingWholeTripParatransit,8,1.3333333333333335,,,,,
run,proposed.meanAbsEtaErrorMin,8,2.094918874874842,,,,,
run,proposed.crowdingKnownRatePct,8,24.5,,,,,
run,proposed.crowdingAccuracyWhenKnownPct,8,84.21768707482993,,,,,
run,proposed.crowdingSystemWideAccuracyPct,8,45.799999999999336,,,,,
run,proposed.paratransitMatchRatePct,8,94.46666666666667,,,,,
run,proposed.paratransitMeanWaitMin,8,6.6299530915503135,,,,,
run,ablation.fr1Removed.itineraryFoundRatePct,8,92.0,,,,,
run,ablation.fr2Removed.itineraryFoundRatePct,8,69.66666666666667,,,,,
run,ablation.fr5Removed.crowdingSystemWideAccuracyPct,8,33.33333333333479,,,,,
run,ablation.fr6Removed.endToEndSuccessRatePct,8,98.66666666666667,,,,,
run,ablation.fr8Removed.paratransitMatchRatePct,8,72.73333333333333,,,,,
run,delta.fr1.itineraryFoundRatePct,8,6.666666666666671,,,,,
run,delta.fr2.itineraryFoundRatePct,8,29.0,,,,,
run,delta.fr5.crowdingSystemWideAccuracyPct,8,12.466666666664544,,,,,
run,delta.fr6.endToEndSuccessRatePct,8,0.6666666666666572,,,,,
run,delta.fr8.paratransitMatchRatePct,8,21.733333333333334,,,,,
run,network.servedStops,8,34.0,,,,,
run,network.transferNodes,8,25.0,,,,,
run,network.busRailInterchanges,8,11.0,,,,,
run,network.overlappingRoutePairs,8,32.0,,,,,
run,network.routeKm,8,625.9580553322166,,,,,
run,network.meanInterStopKm,8,10.261607464462568,,,,,
run,network.railShareOfFastestItineraryPct,8,40.2027027027027,,,,,
run,network.meanTransfersFastestItinerary,8,0.9932432432432432,,,,,
run,reports.meanPerTrip,8,3.0323333333333333,,,,,
run,existing.itineraryFoundRatePct,9,47.333333333333336,,,,,
run,existing.endToEndSuccessRatePct,9,47.333333333333336,,,,,
run,existing.meanAlternativesShown,9,1.028169014084507,,,,,
run,existing.pctNeedingWholeTripParatransit,9,52.666666666666664,,,,,
run,existing.meanAbsEtaErrorMin,9,2.498008396592162,,,,,
run,existing.crowdingKnownRatePct,9,0.0,,,,,
run,existing.crowdingAccuracyWhenKnownPct,9,0.0,,,,,
run,existing.crowdingSystemWideAccuracyPct,9,33.33333333333479,,,,,
run,existing.paratransitMatchRatePct,9,0.0,,,,,
run,existing.paratransitMeanWaitMin,9,,,,,,
run,proposed.itineraryFoundRatePct,9,91.0,,,,,
run,proposed.endToEndSuccessRatePct,9,99.0,,,,,
run,proposed.meanAlternativesShown,9,2.032967032967033,,,,,
run,proposed.pctNeedingWholeTripParatransit,9,9.0,,,,,
run,proposed.meanAbsEtaErrorMin,9,2.1409595288721612,,,,,
run,proposed.crowdingKnownRatePct,9,26.333333333333332,,,,,
run,proposed.crowdingAccuracyWhenKnownPct,9,84.55696202531645,,,,,
run,proposed.crowdingSystemWideAccuracyPct,9,46.82222222222132,,,,,
run,proposed.paratransitMatchRatePct,9,94.23333333333333,,,,,
run,proposed.paratransitMeanWaitMin,9,6.4834116529478685,,,,,
run,ablation.fr1Removed.itineraryFoundRatePct,9,88.0,,,,,
run,ablation.fr2Removed.itineraryFoundRatePct,9,57.99999999999999,,,,,
run,ablation.fr5Removed.crowdingSystemWideAccuracyPct,9,33.33333333333479,,,,,
run,ablation.fr6Removed.endToEndSuccessRatePct,9,91.0,,,,,
run,ablation.fr8Removed.paratransitMatchRatePct,9,72.26666666666667,,,,,
run,delta.fr1.itineraryFoundRatePct,9,3.0,,,,,
run,delta.fr2.itineraryFoundRatePct,9,33.00000000000001,,,,,
run,delta.fr5.crowdingSystemWideAccuracyPct,9,13.488888888886528,,,,,
run,delta.fr6.endToEndSuccessRatePct,9,8.0,,,,,
run,delta.fr8.paratransitMatchRatePct,9,21.96666666666667,,,,,
run,network.servedStops,9,34.0,,,,,
run,network.transferNodes,9,18.0,,,,,
run,network.busRailInterchanges,9,11.0,,,,,
run,network.overlappingRoutePairs,9,33.0,,,,,
run,network.routeKm,9,649.0155715715808,,,,,
run,network.meanInterStopKm,9,10.639599533960341,,,,,
run,network.railShareOfFastestItineraryPct,9,64.46886446886447,,,,,
run,network.meanTransfersFastestItinerary,9,1.1538461538461537,,,,,
run,reports.meanPerTrip,9,2.966,,,,,
run,existing.itineraryFoundRatePct,10,48.0,,,,,
run,existing.endToEndSuccessRatePct,10,48.0,,,,,
run,existing.meanAlternativesShown,10,1.0625,,,,,
run,existing.pctNeedingWholeTripParatransit,10,52.0,,,,,
run,existing.meanAbsEtaErrorMin,10,2.472189468967436,,,,,
run,existing.crowdingKnownRatePct,10,0.0,,,,,
run,existing.crowdingAccuracyWhenKnownPct,10,0.0,,,,,
run,existing.crowdingSystemWideAccuracyPct,10,33.33333333333479,,,,,
run,existing.paratransitMatchRatePct,10,0.0,,,,,
run,existing.paratransitMeanWaitMin,10,,,,,,
run,proposed.itineraryFoundRatePct,10,92.66666666666666,,,,,
run,proposed.endToEndSuccessRatePct,10,100.0,,,,,
run,proposed.meanAlternativesShown,10,2.035971223021583,,,,,
run,proposed.pctNeedingWholeTripParatransit,10,7.333333333333333,,,,,
run,proposed.meanAbsEtaErrorMin,10,2.088164383127716,,,,,
run,proposed.crowdingKnownRatePct,10,26.833333333333332,,,,,
run,proposed.crowdingAccuracyWhenKnownPct,10,82.36024844720497,,,,,
run,proposed.crowdingSystemWideAccuracyPct,10,46.48888888888825,,,,,
run,proposed.paratransitMatchRatePct,10,94.8,,,,,
run,proposed.paratransitMeanWaitMin,10,6.5298272156627855,,,,,
run,ablation.fr1Removed.itineraryFoundRatePct,10,90.0,,,,,
run,ablation.fr2Removed.itineraryFoundRatePct,10,55.333333333333336,,,,,
run,ablation.fr5Removed.crowdingSystemWideAccuracyPct,10,33.33333333333479,,,,,
run,ablation.fr6Removed.endToEndSuccessRatePct,10,92.66666666666666,,,,,
run,ablation.fr8Removed.paratransitMatchRatePct,10,73.23333333333333,,,,,
run,delta.fr1.itineraryFoundRatePct,10,2.666666666666657,,,,,
run,delta.fr2.itineraryFoundRatePct,10,37.33333333333332,,,,,
run,delta.fr5.crowdingSystemWideAccuracyPct,10,13.155555555553455,,,,,
run,delta.fr6.endToEndSuccessRatePct,10,7.333333333333343,,,,,
run,delta.fr8.paratransitMatchRatePct,10,21.566666666666663,,,,,
run,network.servedStops,10,34.0,,,,,
run,network.transferNodes,10,23.0,,,,,
run,network.busRailInterchanges,10,14.0,,,,,
run,network.overlappingRoutePairs,10,32.0,,,,,
run,network.routeKm,10,567.0694972379213,,,,,
run,network.meanInterStopKm,10,9.296221266195431,,,,,
run,network.railShareOfFastestItineraryPct,10,44.60431654676259,,,,,
run,network.meanTransfersFastestItinerary,10,1.0431654676258992,,,,,
run,reports.meanPerTrip,10,2.977,,,,,
run,existing.itineraryFoundRatePct,11,39.0,,,,,
run,existing.endToEndSuccessRatePct,11,39.0,,,,,
run,existing.meanAlternativesShown,11,1.0512820512820513,,,,,
run,existing.pctNeedingWholeTripParatransit,11,61.0,,,,,
run,existing.meanAbsEtaErrorMin,11,2.468763152604293,,,,,
run,existing.crowdingKnownRatePct,11,0.0,,,,,
run,existing.crowdingAccuracyWhenKnownPct,11,0.0,,,,,
run,existing.crowdingSystemWideAccuracyPct,11,33.33333333333479,,,,,
run,existing.paratransitMatchRatePct,11,0.0,,,,,
run,existing.paratransitMeanWaitMin,11,,,,,,
run,proposed.itineraryFoundRatePct,11,96.33333333333334,,,,,
run,proposed.endToEndSuccessRatePct,11,99.66666666666667,,,,,
run,proposed.meanAlternativesShown,11,2.0242214532871974,,,,,
run,proposed.pctNeedingWholeTripParatransit,11,3.6666666666666665,,,,,
run,proposed.meanAbsEtaErrorMin,11,2.1137930229373234,,,,,
run,proposed.crowdingKnownRatePct,11,27.266666666666666,,,,,
run,proposed.crowdingAccuracyWhenKnownPct,11,84.71882640586797,,,,,
run,proposed.crowdingSystemWideAccuracyPct,11,47.34444444444374,,,,,
run,proposed.paratransitMatchRatePct,11,94.96666666666667,,,,,
run,proposed.paratransitMeanWaitMin,11,6.457997425039221,,,,,
run,ablation.fr1Removed.itineraryFoundRatePct,11,82.0,,,,,
run,ablation.fr2Removed.itineraryFoundRatePct,11,62.66666666666667,,,,,
run,ablation.fr5Removed.crowdingSystemWideAccuracyPct,11,33.33333333333479,,,,,
run,ablation.fr6Removed.endToEndSuccessRatePct,11,96.33333333333334,,,,,
run,ablation.fr8Removed.paratransitMatchRatePct,11,73.86666666666667,,,,,
run,delta.fr1.itineraryFoundRatePct,11,14.333333333333343,,,,,
run,delta.fr2.itineraryFoundRatePct,11,33.66666666666667,,,,,
run,delta.fr5.crowdingSystemWideAccuracyPct,11,14.011111111108946,,,,,
run,delta.fr6.endToEndSuccessRatePct,11,3.3333333333333286,,,,,
run,delta.fr8.paratransitMatchRatePct,11,21.099999999999994,,,,,
run,network.servedStops,11,34.0,,,,,
run,network.transferNodes,11,25.0,,,,,
run,network.busRailInterchanges,11,10.0,,,,,
run,network.overlappingRoutePairs,11,32.0,,,,,
run,network.routeKm,11,532.6041034641137,,,,,
run,network.meanInterStopKm,11,8.73121481088711,,,,,
run,network.railShareOfFastestItineraryPct,11,62.28373702422145,,,,,
run,network.meanTransfersFastestItinerary,11,1.0795847750865053,,,,,
run,reports.meanPerTrip,11,3.0123333333333333,,,,,
run,existing.itineraryFoundRatePct,12,55.666666666666664,,,,,
run,existing.endToEndSuccessRatePct,12,55.666666666666664,,,,,
run,existing.meanAlternativesShown,12,1.0119760479041917,,,,,
run,existing.pctNeedingWholeTripParatransit,12,44.333333333333336,,,,,
run,existing.meanAbsEtaErrorMin,12,2.4613973857875635,,,,,
run,existing.crowdingKnownRatePct,12,0.0,,,,,
run,existing.crowdingAccuracyWhenKnownPct,12,0.0,,,,,
run,existing.crowdingSystemWideAccuracyPct,12,33.33333333333479,,,,,
run,existing.paratransitMatchRatePct,12,0.0,,,,,
run,existing.paratransitMeanWaitMin,12,,,,,,
run,proposed.itineraryFoundRatePct,12,100.0,,,,,
run,proposed.endToEndSuccessRatePct,12,100.0,,,,,
run,proposed.meanAlternativesShown,12,1.88,,,,,
run,proposed.pctNeedingWholeTripParatransit,12,0.0,,,,,
run,proposed.meanAbsEtaErrorMin,12,2.058702479570154,,,,,
run,proposed.crowdingKnownRatePct,12,26.23333333333333,,,,,
run,proposed.crowdingAccuracyWhenKnownPct,12,83.2274459974587,,,,,
run,proposed.crowdingSystemWideAccuracyPct,12,46.422222222221556,,,,,
run,proposed.paratransitMatchRatePct,12,94.43333333333334,,,,,
run,proposed.paratransitMeanWaitMin,12,6.443960632376264,,,,,
run,ablation.fr1Removed.itineraryFoundRatePct,12,95.66666666666667,,,,,
run,ablation.fr2Removed.itineraryFoundRatePct,12,68.66666666666667,,,,,
run,ablation.fr5Removed.crowdingSystemWideAccuracyPct,12,33.33333333333479,,,,,
run,ablation.fr6Removed.endToEndSuccessRatePct,12,100.0,,,,,
run,ablation.fr8Removed.paratransitMatchRatePct,12,73.76666666666667,,,,,
run,delta.fr1.itineraryFoundRatePct,12,4.333333333333329,,,,,
run,delta.fr2.itineraryFoundRatePct,12,31.33333333333333,,,,,
run,delta.fr5.crowdingSystemWideAccuracyPct,12,13.088888888886764,,,,,
run,delta.fr6.endToEndSuccessRatePct,12,0.0,,,,,
run,delta.fr8.paratransitMatchRatePct,12,20.66666666666667,,,,,
run,network.servedStops,12,37.0,,,,,
run,network.transferNodes,12,22.0,,,,,
run,network.busRailInterchanges,12,12.0,,,,,
run,network.overlappingRoutePairs,12,33.0,,,,,
run,network.routeKm,12,576.0661976890498,,,,,
run,network.meanInterStopKm,12,9.443708158836882,,,,,
run,network.railShareOfFastestItineraryPct,12,44.0,,,,,
run,network.meanTransfersFastestItinerary,12,1.0,,,,,
run,reports.meanPerTrip,12,3.0286666666666666,,,,,
run,existing.itineraryFoundRatePct,13,47.66666666666667,,,,,
run,existing.endToEndSuccessRatePct,13,47.66666666666667,,,,,
run,existing.meanAlternativesShown,13,1.013986013986014,,,,,
run,existing.pctNeedingWholeTripParatransit,13,52.33333333333333,,,,,
run,existing.meanAbsEtaErrorMin,13,2.56789527625566,,,,,
run,existing.crowdingKnownRatePct,13,0.0,,,,,
run,existing.crowdingAccuracyWhenKnownPct,13,0.0,,,,,
run,existing.crowdingSystemWideAccuracyPct,13,33.33333333333479,,,,,
run,existing.paratransitMatchRatePct,13,0.0,,,,,
run,existing.paratransitMeanWaitMin,13,,,,,,
run,proposed.itineraryFoundRatePct,13,85.0,,,,,
run,proposed.endToEndSuccessRatePct,13,98.66666666666667,,,,,
run,proposed.meanAlternativesShown,13,1.8784313725490196,,,,,
run,proposed.pctNeedingWholeTripParatransit,13,15.0,,,,,
run,proposed.meanAbsEtaErrorMin,13,2.229292113368683,,,,,
run,proposed.crowdingKnownRatePct,13,26.566666666666666,,,,,
run,proposed.crowdingAccuracyWhenKnownPct,13,82.43412797992472,,,,,
run,proposed.crowdingSystemWideAccuracyPct,13,46.37777777777705,,,,,
run,proposed.paratransitMatchRatePct,13,94.19999999999999,,,,,
run,proposed.paratransitMeanWaitMin,13,6.565000351063282,,,,,
run,ablation.fr1Removed.itineraryFoundRatePct,13,79.33333333333333,,,,,
run,ablation.fr2Removed.itineraryFoundRatePct,13,66.33333333333333,,,,,
run,ablation.fr5Removed.crowdingSystemWideAccuracyPct,13,33.33333333333479,,,,,
run,ablation.fr6Removed.endToEndSuccessRatePct,13,85.0,,,,,
run,ablation.fr8Removed.paratransitMatchRatePct,13,72.86666666666667,,,,,
run,delta.fr1.itineraryFoundRatePct,13,5.666666666666671,,,,,
run,delta.fr2.itineraryFoundRatePct,13,18.66666666666667,,,,,
run,delta.fr5.crowdingSystemWideAccuracyPct,13,13.044444444442256,,,,,
run,delta.fr6.endToEndSuccessRatePct,13,13.666666666666671,,,,,
run,delta.fr8.paratransitMatchRatePct,13,21.333333333333314,,,,,
run,network.servedStops,13,33.0,,,,,
run,network.transferNodes,13,24.0,,,,,
run,network.busRailInterchanges,13,16.0,,,,,
run,network.overlappingRoutePairs,13,35.0,,,,,
run,network.routeKm,13,599.9243317743253,,,,,
run,network.meanInterStopKm,13,9.834825111054514,,,,,
run,network.railShareOfFastestItineraryPct,13,54.509803921568626,,,,,
run,network.meanTransfersFastestItinerary,13,0.9647058823529412,,,,,
run,reports.meanPerTrip,13,3.021333333333333,,,,,
run,existing.itineraryFoundRatePct,14,49.333333333333336,,,,,
run,existing.endToEndSuccessRatePct,14,49.333333333333336,,,,,
run,existing.meanAlternativesShown,14,1.0202702702702702,,,,,
run,existing.pctNeedingWholeTripParatransit,14,50.66666666666667,,,,,
run,existing.meanAbsEtaErrorMin,14,2.3744478782943492,,,,,
run,existing.crowdingKnownRatePct,14,0.0,,,,,
run,existing.crowdingAccuracyWhenKnownPct,14,0.0,,,,,
run,existing.crowdingSystemWideAccuracyPct,14,33.33333333333479,,,,,
run,existing.paratransitMatchRatePct,14,0.0,,,,,
run,existing.paratransitMeanWaitMin,14,,,,,,
run,proposed.itineraryFoundRatePct,14,98.66666666666667,,,,,
run,proposed.endToEndSuccessRatePct,14,99.66666666666667,,,,,
run,proposed.meanAlternativesShown,14,2.0912162162162162,,,,,
run,proposed.pctNeedingWholeTripParatransit,14,1.3333333333333335,,,,,
run,proposed.meanAbsEtaErrorMin,14,2.020377498641835,,,,,
run,proposed.crowdingKnownRatePct,14,25.8,,,,,
run,proposed.crowdingAccuracyWhenKnownPct,14,84.62532299741602,,,,,
run,proposed.crowdingSystemWideAccuracyPct,14,46.56666666666583,,,,,
run,proposed.paratransitMatchRatePct,14,95.03333333333333,,,,,
run,proposed.paratransitMeanWaitMin,14,6.419398180413981,,,,,
run,ablation.fr1Removed.itineraryFoundRatePct,14,96.66666666666667,,,,,
run,ablation.fr2Removed.itineraryFoundRatePct,14,62.66666666666667,,,,,
run,ablation.fr5Removed.crowdingSystemWideAccuracyPct,14,33.33333333333479,,,,,
run,ablation.fr6Removed.endToEndSuccessRatePct,14,98.66666666666667,,,,,
run,ablation.fr8Removed.paratransitMatchRatePct,14,73.1,,,,,
run,delta.fr1.itineraryFoundRatePct,14,2.0,,,,,
run,delta.fr2.itineraryFoundRatePct,14,36.0,,,,,
run,delta.fr5.crowdingSystemWideAccuracyPct,14,13.23333333333104,,,,,
run,delta.fr6.endToEndSuccessRatePct,14,1.0,,,,,
run,delta.fr8.paratransitMatchRatePct,14,21.933333333333337,,,,,
run,network.servedStops,14,35.0,,,,,
run,network.transferNodes,14,21.0,,,,,
run,network.busRailInterchanges,14,13.0,,,,,
run,network.overlappingRoutePairs,14,38.0,,,,,
run,network.routeKm,14,580.7993558691331,,,,,
run,network.meanInterStopKm,14,9.521300915887428,,,,,
run,network.railShareOfFastestItineraryPct,14,63.17567567567568,,,,,
run,network.meanTransfersFastestItinerary,14,1.0337837837837838,,,,,
run,reports.meanPerTrip,14,2.990666666666667,,,,,
run,existing.itineraryFoundRatePct,15,57.666666666666664,,,,,
run,existing.endToEndSuccessRatePct,15,57.666666666666664,,,,,
run,existing.meanAlternativesShown,15,1.0173410404624277,,,,,
run,existing.pctNeedingWholeTripParatransit,15,42.333333333333336,,,,,
run,existing.meanAbsEtaErrorMin,15,2.540117165373734,,,,,
run,existing.crowdingKnownRatePct,15,0.0,,,,,
run,existing.crowdingAccuracyWhenKnownPct,15,0.0,,,,,
run,existing.crowdingSystemWideAccuracyPct,15,33.33333333333479,,,,,
run,existing.paratransitMatchRatePct,15,0.0,,,,,
run,existing.paratransitMeanWaitMin,15,,,,,,
run,proposed.itineraryFoundRatePct,15,86.0,,,,,
run,proposed.endToEndSuccessRatePct,15,99.33333333333333,,,,,
run,proposed.meanAlternativesShown,15,2.135658914728682,,,,,
run,proposed.pctNeedingWholeTripParatransit,15,14.000000000000002,,,,,
run,proposed.meanAbsEtaErrorMin,15,2.1914594975275277,,,,,
run,proposed.crowdingKnownRatePct,15,23.666666666666668,,,,,
run,proposed.crowdingAccuracyWhenKnownPct,15,82.53521126760563,,,,,
run,proposed.crowdingSystemWideAccuracyPct,15,44.97777777777714,,,,,
run,proposed.paratransitMatchRatePct,15,94.69999999999999,,,,,
run,proposed.paratransitMeanWaitMin,15,6.592142751670312,,,,,
run,ablation.fr1Removed.itineraryFoundRatePct,15,85.33333333333334,,,,,
run,ablation.fr2Removed.itineraryFoundRatePct,15,62.33333333333333,,,,,
run,ablation.fr5Removed.crowdingSystemWideAccuracyPct,15,33.33333333333479,,,,,
run,ablation.fr6Removed.endToEndSuccessRatePct,15,86.0,,,,,
run,ablation.fr8Removed.paratransitMatchRatePct,15,73.0,,,,,
run,delta.fr1.itineraryFoundRatePct,15,0.6666666666666572,,,,,
run,delta.fr2.itineraryFoundRatePct,15,23.66666666666667,,,,,
run,delta.fr5.crowdingSystemWideAccuracyPct,15,11.64444444444235,,,,,
run,delta.fr6.endToEndSuccessRatePct,15,13.333333333333329,,,,,
run,delta.fr8.paratransitMatchRatePct,15,21.69999999999999,,,,,
run,network.servedStops,15,34.0,,,,,
run,network.transferNodes,15,20.0,,,,,
run,network.busRailInterchanges,15,12.0,,,,,
run,network.overlappingRoutePairs,15,39.0,,,,,
run,network.routeKm,15,669.864517477732,,,,,
run,network.meanInterStopKm,15,10.981385532421836,,,,,
run,network.railShareOfFastestItineraryPct,15,48.83720930232558,,,,,
run,network.meanTransfersFastestItinerary,15,0.9844961240310077,,,,,
run,reports.meanPerTrip,15,2.974666666666667,,,,,
run,existing.itineraryFoundRatePct,16,51.66666666666667,,,,,
run,existing.endToEndSuccessRatePct,16,51.66666666666667,,,,,
run,existing.meanAlternativesShown,16,1.064516129032258,,,,,
run,existing.pctNeedingWholeTripParatransit,16,48.333333333333336,,,,,
run,existing.meanAbsEtaErrorMin,16,2.452724796181578,,,,,
run,existing.crowdingKnownRatePct,16,0.0,,,,,
run,existing.crowdingAccuracyWhenKnownPct,16,0.0,,,,,
run,existing.crowdingSystemWideAccuracyPct,16,33.33333333333479,,,,,
run,existing.paratransitMatchRatePct,16,0.0,,,,,
run,existing.paratransitMeanWaitMin,16,,,,,,
run,proposed.itineraryFoundRatePct,16,95.0,,,,,
run,proposed.endToEndSuccessRatePct,16,100.0,,,,,
run,proposed.meanAlternativesShown,16,1.912280701754386,,,,,
run,proposed.pctNeedingWholeTripParatransit,16,5.0,,,,,
run,proposed.meanAbsEtaErrorMin,16,2.1505427478741566,,,,,
run,proposed.crowdingKnownRatePct,16,25.4,,,,,
run,proposed.crowdingAccuracyWhenKnownPct,16,80.0524934383202,,,,,
run,proposed.crowdingSystemWideAccuracyPct,16,45.19999999999935,,,,,
run,proposed.paratransitMatchRatePct,16,95.26666666666667,,,,,
run,proposed.paratransitMeanWaitMin,16,6.604278185321648,,,,,
run,ablation.fr1Removed.itineraryFoundRatePct,16,78.33333333333333,,,,,
run,ablation.fr2Removed.itineraryFoundRatePct,16,74.66666666666667,,,,,
run,ablation.fr5Removed.crowdingSystemWideAccuracyPct,16,33.33333333333479,,,,,
run,ablation.fr6Removed.endToEndSuccessRatePct,16,95.0,,,,,
run,ablation.fr8Removed.paratransitMatchRatePct,16,73.2,,,,,
run,delta.fr1.itineraryFoundRatePct,16,16.66666666666667,,,,,
run,delta.fr2.itineraryFoundRatePct,16,20.33333333333333,,,,,
run,delta.fr5.crowdingSystemWideAccuracyPct,16,11.866666666664557,,,,,
run,delta.fr6.endToEndSuccessRatePct,16,5.0,,,,,
run,delta.fr8.paratransitMatchRatePct,16,22.066666666666663,,,,,
run,network.servedStops,16,33.0,,,,,
run,network.transferNodes,16,19.0,,,,,
run,network.busRailInterchanges,16,11.0,,,,,
run,network.overlappingRoutePairs,16,37.0,,,,,
run,network.routeKm,16,612.5609190464252,,,,,
run,network.meanInterStopKm,16,10.041982279449593,,,,,
run,network.railShareOfFastestItineraryPct,16,63.1578947368421,,,,,
run,network.meanTransfersFastestItinerary,16,0.8175438596491228,,,,,
run,reports.meanPerTrip,16,2.9756666666666667,,,,,
run,existing.itineraryFoundRatePct,17,53.333333333333336,,,,,
run,existing.endToEndSuccessRatePct,17,53.333333333333336,,,,,
run,existing.meanAlternativesShown,17,1.01875,,,,,
run,existing.pctNeedingWholeTripParatransit,17,46.666666666666664,,,,,
run,existing.meanAbsEtaErrorMin,17,2.4611586018238247,,,,,
run,existing.crowdingKnownRatePct,17,0.0,,,,,
run,existing.crowdingAccuracyWhenKnownPct,17,0.0,,,,,
run,existing.crowdingSystemWideAccuracyPct,17,33.33333333333479,,,,,
run,existing.paratransitMatchRatePct,17,0.0,,,,,
run,existing.paratransitMeanWaitMin,17,,,,,,
run,proposed.itineraryFoundRatePct,17,96.33333333333334,,,,,
run,proposed.endToEndSuccessRatePct,17,99.66666666666667,,,,,
run,proposed.meanAlternativesShown,17,2.1072664359861593,,,,,
run,proposed.pctNeedingWholeTripParatransit,17,3.6666666666666665,,,,,
run,proposed.meanAbsEtaErrorMin,17,2.1262905451754666,,,,,
run,proposed.crowdingKnownRatePct,17,26.166666666666664,,,,,
run,proposed.crowdingAccuracyWhenKnownPct,17,86.62420382165605,,,,,
run,proposed.crowdingSystemWideAccuracyPct,17,47.277777777777146,,,,,
run,proposed.paratransitMatchRatePct,17,95.06666666666666,,,,,
run,proposed.paratransitMeanWaitMin,17,6.618404623030948,,,,,
run,ablation.fr1Removed.itineraryFoundRatePct,17,91.66666666666666,,,,,
run,ablation.fr2Removed.itineraryFoundRatePct,17,68.33333333333333,,,,,
run,ablation.fr5Removed.crowdingSystemWideAccuracyPct,17,33.33333333333479,,,,,
run,ablation.fr6Removed.endToEndSuccessRatePct,17,96.33333333333334,,,,,
run,ablation.fr8Removed.paratransitMatchRatePct,17,72.6,,,,,
run,delta.fr1.itineraryFoundRatePct,17,4.666666666666686,,,,,
run,delta.fr2.itineraryFoundRatePct,17,28.000000000000014,,,,,
run,delta.fr5.crowdingSystemWideAccuracyPct,17,13.944444444442354,,,,,
run,delta.fr6.endToEndSuccessRatePct,17,3.3333333333333286,,,,,
run,delta.fr8.paratransitMatchRatePct,17,22.46666666666667,,,,,
run,network.servedStops,17,34.0,,,,,
run,network.transferNodes,17,26.0,,,,,
run,network.busRailInterchanges,17,12.0,,,,,
run,network.overlappingRoutePairs,17,32.0,,,,,
run,network.routeKm,17,626.3333406308944,,,,,
run,network.meanInterStopKm,17,10.26775968247368,,,,,
run,network.railShareOfFastestItineraryPct,17,65.39792387543253,,,,,
run,network.meanTransfersFastestItinerary,17,0.9619377162629758,,,,,
run,reports.meanPerTrip,17,2.998666666666667,,,,,
run,existing.itineraryFoundRatePct,18,47.66666666666667,,,,,
run,existing.endToEndSuccessRatePct,18,47.66666666666667,,,,,
run,existing.meanAlternativesShown,18,1.006993006993007,,,,,
run,existing.pctNeedingWholeTripParatransit,18,52.33333333333333,,,,,
run,existing.meanAbsEtaErrorMin,18,2.433729070638281,,,,,
run,existing.crowdingKnownRatePct,18,0.0,,,,,
run,existing.crowdingAccuracyWhenKnownPct,18,0.0,,,,,
run,existing.crowdingSystemWideAccuracyPct,18,33.33333333333479,,,,,
run,existing.paratransitMatchRatePct,18,0.0,,,,,
run,existing.paratransitMeanWaitMin,18,,,,,,
run,proposed.itineraryFoundRatePct,18,100.0,,,,,
run,proposed.endToEndSuccessRatePct,18,100.0,,,,,
run,proposed.meanAlternativesShown,18,1.9733333333333334,,,,,
run,proposed.pctNeedingWholeTripParatransit,18,0.0,,,,,
run,proposed.meanAbsEtaErrorMin,18,2.129738730593473,,,,,
run,proposed.crowdingKnownRatePct,18,24.433333333333334,,,,,
run,proposed.crowdingAccuracyWhenKnownPct,18,80.76398362892225,,,,,
run,proposed.crowdingSystemWideAccuracyPct,18,44.92222222222173,,,,,
run,proposed.paratransitMatchRatePct,18,94.3,,,,,
run,proposed.paratransitMeanWaitMin,18,6.623512638772966,,,,,
run,ablation.fr1Removed.itineraryFoundRatePct,18,99.33333333333333,,,,,
run,ablation.fr2Removed.itineraryFoundRatePct,18,57.666666666666664,,,,,
run,ablation.fr5Removed.crowdingSystemWideAccuracyPct,18,33.33333333333479,,,,,
run,ablation.fr6Removed.endToEndSuccessRatePct,18,100.0,,,,,
run,ablation.fr8Removed.paratransitMatchRatePct,18,72.6,,,,,
run,delta.fr1.itineraryFoundRatePct,18,0.6666666666666714,,,,,
run,delta.fr2.itineraryFoundRatePct,18,42.333333333333336,,,,,
run,delta.fr5.crowdingSystemWideAccuracyPct,18,11.588888888886935,,,,,
run,delta.fr6.endToEndSuccessRatePct,18,0.0,,,,,
run,delta.fr8.paratransitMatchRatePct,18,21.700000000000003,,,,,
run,network.servedStops,18,38.0,,,,,
run,network.transferNodes,18,21.0,,,,,
run,network.busRailInterchanges,18,12.0,,,,,
run,network.overlappingRoutePairs,18,29.0,,,,,
run,network.routeKm,18,588.5477111583303,,,,,
run,network.meanInterStopKm,18,9.648323133743121,,,,,
run,network.railShareOfFastestItineraryPct,18,56.0,,,,,
run,network.meanTransfersFastestItinerary,18,1.2633333333333334,,,,,
run,reports.meanPerTrip,18,2.957333333333333,,,,,
run,existing.itineraryFoundRatePct,19,49.666666666666664,,,,,
run,existing.endToEndSuccessRatePct,19,49.666666666666664,,,,,
run,existing.meanAlternativesShown,19,1.0402684563758389,,,,,
run,existing.pctNeedingWholeTripParatransit,19,50.33333333333333,,,,,
run,existing.meanAbsEtaErrorMin,19,2.474294445876846,,,,,
run,existing.crowdingKnownRatePct,19,0.0,,,,,
run,existing.crowdingAccuracyWhenKnownPct,19,0.0,,,,,
run,existing.crowdingSystemWideAccuracyPct,19,33.33333333333479,,,,,
run,existing.paratransitMatchRatePct,19,0.0,,,,,
run,existing.paratransitMeanWaitMin,19,,,,,,
run,proposed.itineraryFoundRatePct,19,94.0,,,,,
run,proposed.endToEndSuccessRatePct,19,100.0,,,,,
run,proposed.meanAlternativesShown,19,1.9680851063829787,,,,,
run,proposed.pctNeedingWholeTripParatransit,19,6.0,,,,,
run,proposed.meanAbsEtaErrorMin,19,2.134503908847356,,,,,
run,proposed.crowdingKnownRatePct,19,24.866666666666667,,,,,
run,proposed.crowdingAccuracyWhenKnownPct,19,81.63538873994638,,,,,
run,proposed.crowdingSystemWideAccuracyPct,19,45.34444444444393,,,,,
run,proposed.paratransitMatchRatePct,19,94.86666666666666,,,,,
run,proposed.paratransitMeanWaitMin,19,6.525415581882428,,,,,
run,ablation.fr1Removed.itineraryFoundRatePct,19,92.66666666666666,,,,,
run,ablation.fr2Removed.itineraryFoundRatePct,19,57.666666666666664,,,,,
run,ablation.fr5Removed.crowdingSystemWideAccuracyPct,19,33.33333333333479,,,,,
run,ablation.fr6Removed.endToEndSuccessRatePct,19,94.0,,,,,
run,ablation.fr8Removed.paratransitMatchRatePct,19,71.66666666666667,,,,,
run,delta.fr1.itineraryFoundRatePct,19,1.3333333333333428,,,,,
run,delta.fr2.itineraryFoundRatePct,19,36.333333333333336,,,,,
run,delta.fr5.crowdingSystemWideAccuracyPct,19,12.011111111109138,,,,,
run,delta.fr6.endToEndSuccessRatePct,19,6.0,,,,,
run,delta.fr8.paratransitMatchRatePct,19,23.19999999999999,,,,,
run,network.servedStops,19,35.0,,,,,
run,network.transferNodes,19,23.0,,,,,
run,network.busRailInterchanges,19,15.0,,,,,
run,network.overlappingRoutePairs,19,32.0,,,,,
run,network.routeKm,19,483.07335216590354,,,,,
run,network.meanInterStopKm,19,7.9192352814082545,,,,,
run,network.railShareOfFastestItineraryPct,19,58.156028368794324,,,,,
run,network.meanTransfersFastestItinerary,19,1.2907801418439717,,,,,
run,reports.meanPerTrip,19,2.949333333333333,,,,,
run,existing.itineraryFoundRatePct,20,60.66666666666667,,,,,
run,existing.endToEndSuccessRatePct,20,60.66666666666667,,,,,
run,existing.meanAlternativesShown,20,1.021978021978022,,,,,
run,existing.pctNeedingWholeTripParatransit,20,39.33333333333333,,,,,
run,existing.meanAbsEtaErrorMin,20,2.4319542660961004,,,,,
run,existing.crowdingKnownRatePct,20,0.0,,,,,
run,existing.crowdingAccuracyWhenKnownPct,20,0.0,,,,,
run,existing.crowdingSystemWideAccuracyPct,20,33.33333333333479,,,,,
run,existing.paratransitMatchRatePct,20,0.0,,,,,
run,existing.paratransitMeanWaitMin,20,,,,,,
run,proposed.itineraryFoundRatePct,20,99.0,,,,,
run,proposed.endToEndSuccessRatePct,20,99.66666666666667,,,,,
run,proposed.meanAlternativesShown,20,1.9865319865319866,,,,,
run,proposed.pctNeedingWholeTripParatransit,20,1.0,,,,,
run,proposed.meanAbsEtaErrorMin,20,2.0915797014956454,,,,,
run,proposed.crowdingKnownRatePct,20,25.233333333333334,,,,,
run,proposed.crowdingAccuracyWhenKnownPct,20,84.28005284015853,,,,,
run,proposed.crowdingSystemWideAccuracyPct,20,46.18888888888833,,,,,
run,proposed.paratransitMatchRatePct,20,95.03333333333333,,,,,
run,proposed.paratransitMeanWaitMin,20,6.592395272038406,,,,,
run,ablation.fr1Removed.itineraryFoundRatePct,20,91.33333333333333,,,,,
run,ablation.fr2Removed.itineraryFoundRatePct,20,73.66666666666667,,,,,
run,ablation.fr5Removed.crowdingSystemWideAccuracyPct,20,33.33333333333479,,,,,
run,ablation.fr6Removed.endToEndSuccessRatePct,20,99.0,,,,,
run,ablation.fr8Removed.paratransitMatchRatePct,20,71.96666666666667,,,,,
run,delta.fr1.itineraryFoundRatePct,20,7.666666666666671,,,,,
run,delta.fr2.itineraryFoundRatePct,20,25.33333333333333,,,,,
run,delta.fr5.crowdingSystemWideAccuracyPct,20,12.855555555553536,,,,,
run,delta.fr6.endToEndSuccessRatePct,20,0.6666666666666714,,,,,
run,delta.fr8.paratransitMatchRatePct,20,23.066666666666663,,,,,
run,network.servedStops,20,33.0,,,,,
run,network.transferNodes,20,23.0,,,,,
run,network.busRailInterchanges,20,11.0,,,,,
run,network.overlappingRoutePairs,20,34.0,,,,,
run,network.routeKm,20,674.5851300675887,,,,,
run,network.meanInterStopKm,20,11.05877262405883,,,,,
run,network.railShareOfFastestItineraryPct,20,52.18855218855219,,,,,
run,network.meanTransfersFastestItinerary,20,1.0101010101010102,,,,,
run,reports.meanPerTrip,20,2.929333333333333,,,,,
run,existing.itineraryFoundRatePct,21,39.33333333333333,,,,,
run,existing.endToEndSuccessRatePct,21,39.33333333333333,,,,,
run,existing.meanAlternativesShown,21,1.0338983050847457,,,,,
run,existing.pctNeedingWholeTripParatransit,21,60.66666666666667,,,,,
run,existing.meanAbsEtaErrorMin,21,2.558878273874515,,,,,
run,existing.crowdingKnownRatePct,21,0.0,,,,,
run,existing.crowdingAccuracyWhenKnownPct,21,0.0,,,,,
run,existing.crowdingSystemWideAccuracyPct,21,33.33333333333479,,,,,
run,existing.paratransitMatchRatePct,21,0.0,,,,,
run,existing.paratransitMeanWaitMin,21,,,,,,
run,proposed.itineraryFoundRatePct,21,89.66666666666666,,,,,
run,proposed.endToEndSuccessRatePct,21,100.0,,,,,
run,proposed.meanAlternativesShown,21,1.8847583643122676,,,,,
run,proposed.pctNeedingWholeTripParatransit,21,10.333333333333334,,,,,
run,proposed.meanAbsEtaErrorMin,21,2.187457638987155,,,,,
run,proposed.crowdingKnownRatePct,21,26.3,,,,,
run,proposed.crowdingAccuracyWhenKnownPct,21,82.12927756653993,,,,,
run,proposed.crowdingSystemWideAccuracyPct,21,46.16666666666604,,,,,
run,proposed.paratransitMatchRatePct,21,94.19999999999999,,,,,
run,proposed.paratransitMeanWaitMin,21,6.706815874124451,,,,,
run,ablation.fr1Removed.itineraryFoundRatePct,21,76.0,,,,,
run,ablation.fr2Removed.itineraryFoundRatePct,21,53.0,,,,,
run,ablation.fr5Removed.crowdingSystemWideAccuracyPct,21,33.33333333333479,,,,,
run,ablation.fr6Removed.endToEndSuccessRatePct,21,89.66666666666666,,,,,
run,ablation.fr8Removed.paratransitMatchRatePct,21,72.1,,,,,
run,delta.fr1.itineraryFoundRatePct,21,13.666666666666657,,,,,
run,delta.fr2.itineraryFoundRatePct,21,36.66666666666666,,,,,
run,delta.fr5.crowdingSystemWideAccuracyPct,21,12.833333333331247,,,,,
run,delta.fr6.endToEndSuccessRatePct,21,10.333333333333343,,,,,
run,delta.fr8.paratransitMatchRatePct,21,22.099999999999994,,,,,
run,network.servedStops,21,34.0,,,,,
run,network.transferNodes,21,25.0,,,,,
run,network.busRailInterchanges,21,13.0,,,,,
run,network.overlappingRoutePairs,21,34.0,,,,,
run,network.routeKm,21,467.7495793767961,,,,,
run,network.meanInterStopKm,21,7.668025891422887,,,,,
run,network.railShareOfFastestItineraryPct,21,66.17100371747212,,,,,
run,network.meanTransfersFastestItinerary,21,1.003717472118959,,,,,
run,reports.meanPerTrip,21,3.0353333333333334,,,,,
run,existing.itineraryFoundRatePct,22,49.333333333333336,,,,,
run,existing.endToEndSuccessRatePct,22,49.333333333333336,,,,,
run,existing.meanAlternativesShown,22,1.0675675675675675,,,,,
run,existing.pctNeedingWholeTripParatransit,22,50.66666666666667,,,,,
run,existing.meanAbsEtaErrorMin,22,2.492546256601321,,,,,
run,existing.crowdingKnownRatePct,22,0.0,,,,,
run,existing.crowdingAccuracyWhenKnownPct,22,0.0,,,,,
run,existing.crowdingSystemWideAccuracyPct,22,33.33333333333479,,,,,
run,existing.paratransitMatchRatePct,22,0.0,,,,,
run,existing.paratransitMeanWaitMin,22,,,,,,
run,proposed.itineraryFoundRatePct,22,92.66666666666666,,,,,
run,proposed.endToEndSuccessRatePct,22,99.33333333333333,,,,,
run,proposed.meanAlternativesShown,22,2.0,,,,,
run,proposed.pctNeedingWholeTripParatransit,22,7.333333333333333,,,,,
run,proposed.meanAbsEtaErrorMin,22,2.115741964643982,,,,,
run,proposed.crowdingKnownRatePct,22,27.3,,,,,
run,proposed.crowdingAccuracyWhenKnownPct,22,84.12698412698413,,,,,
run,proposed.crowdingSystemWideAccuracyPct,22,47.19999999999923,,,,,
run,proposed.paratransitMatchRatePct,22,94.46666666666667,,,,,
run,proposed.paratransitMeanWaitMin,22,6.564656317506228,,,,,
run,ablation.fr1Removed.itineraryFoundRatePct,22,91.33333333333333,,,,,
run,ablation.fr2Removed.itineraryFoundRatePct,22,62.33333333333333,,,,,
run,ablation.fr5Removed.crowdingSystemWideAccuracyPct,22,33.33333333333479,,,,,
run,ablation.fr6Removed.endToEndSuccessRatePct,22,92.66666666666666,,,,,
run,ablation.fr8Removed.paratransitMatchRatePct,22,70.93333333333334,,,,,
run,delta.fr1.itineraryFoundRatePct,22,1.3333333333333286,,,,,
run,delta.fr2.itineraryFoundRatePct,22,30.33333333333333,,,,,
run,delta.fr5.crowdingSystemWideAccuracyPct,22,13.866666666664436,,,,,
run,delta.fr6.endToEndSuccessRatePct,22,6.666666666666671,,,,,
run,delta.fr8.paratransitMatchRatePct,22,23.53333333333333,,,,,
run,network.servedStops,22,34.0,,,,,
run,network.transferNodes,22,21.0,,,,,
run,network.busRailInterchanges,22,11.0,,,,,
run,network.overlappingRoutePairs,22,34.0,,,,,
run,network.routeKm,22,581.6416160854435,,,,,
run,network.meanInterStopKm,22,9.535108460417106,,,,,
run,network.railShareOfFastestItineraryPct,22,47.48201438848921,,,,,
run,network.meanTransfersFastestItinerary,22,0.89568345323741,,,,,
run,reports.meanPerTrip,22,3.0476666666666667,,,,,
run,existing.itineraryFoundRatePct,23,56.99999999999999,,,,,
run,existing.endToEndSuccessRatePct,23,56.99999999999999,,,,,
run,existing.meanAlternativesShown,23,1.0292397660818713,,,,,
run,existing.pctNeedingWholeTripParatransit,23,43.0,,,,,
run,existing.meanAbsEtaErrorMin,23,2.5671815614895306,,,,,
run,existing.crowdingKnownRatePct,23,0.0,,,,,
run,existing.crowdingAccuracyWhenKnownPct,23,0.0,,,,,
run,existing.crowdingSystemWideAccuracyPct,23,33.33333333333479,,,,,
run,existing.paratransitMatchRatePct,23,0.0,,,,,
run,existing.paratransitMeanWaitMin,23,,,,,,
run,proposed.itineraryFoundRatePct,23,95.0,,,,,
run,proposed.endToEndSuccessRatePct,23,100.0,,,,,
run,proposed.meanAlternativesShown,23,1.9578947368421054,,,,,
run,proposed.pctNeedingWholeTripParatransit,23,5.0,,,,,
run,proposed.meanAbsEtaErrorMin,23,2.186723703078622,,,,,
run,proposed.crowdingKnownRatePct,23,24.53333333333333,,,,,
run,proposed.crowdingAccuracyWhenKnownPct,23,82.33695652173914,,,,,
run,proposed.crowdingSystemWideAccuracyPct,23,45.35555555555502,,,,,
run,proposed.paratransitMatchRatePct,23,94.69999999999999,,,,,
run,proposed.paratransitMeanWaitMin,23,6.640639134797136,,,,,
run,ablation.fr1Removed.itineraryFoundRatePct,23,94.33333333333334,,,,,
run,ablation.fr2Removed.itineraryFoundRatePct,23,66.66666666666666,,,,,
run,ablation.fr5Removed.crowdingSystemWideAccuracyPct,23,33.33333333333479,,,,,
run,ablation.fr6Removed.endToEndSuccessRatePct,23,95.0,,,,,
run,ablation.fr8Removed.paratransitMatchRatePct,23,72.39999999999999,,,,,
run,delta.fr1.itineraryFoundRatePct,23,0.6666666666666572,,,,,
run,delta.fr2.itineraryFoundRatePct,23,28.333333333333343,,,,,
run,delta.fr5.crowdingSystemWideAccuracyPct,23,12.022222222220229,,,,,
run,delta.fr6.endToEndSuccessRatePct,23,5.0,,,,,
run,delta.fr8.paratransitMatchRatePct,23,22.299999999999997,,,,,
run,network.servedStops,23,36.0,,,,,
run,network.transferNodes,23,22.0,,,,,
run,network.busRailInterchanges,23,14.0,,,,,
run,network.overlappingRoutePairs,23,33.0,,,,,
run,network.routeKm,23,623.5352392829075,,,,,
run,network.meanInterStopKm,23,10.221889168572254,,,,,
run,network.railShareOfFastestItineraryPct,23,61.40350877192982,,,,,
run,network.meanTransfersFastestItinerary,23,1.1263157894736842,,,,,
run,reports.meanPerTrip,23,3.014,,,,,
run,existing.itineraryFoundRatePct,24,36.666666666666664,,,,,
run,existing.endToEndSuccessRatePct,24,36.666666666666664,,,,,
run,existing.meanAlternativesShown,24,1.009090909090909,,,,,
run,existing.pctNeedingWholeTripParatransit,24,63.33333333333333,,,,,
run,existing.meanAbsEtaErrorMin,24,2.458751092256325,,,,,
run,existing.crowdingKnownRatePct,24,0.0,,,,,
run,existing.crowdingAccuracyWhenKnownPct,24,0.0,,,,,
run,existing.crowdingSystemWideAccuracyPct,24,33.33333333333479,,,,,
run,existing.paratransitMatchRatePct,24,0.0,,,,,
run,existing.paratransitMeanWaitMin,24,,,,,,
run,proposed.itineraryFoundRatePct,24,87.66666666666667,,,,,
run,proposed.endToEndSuccessRatePct,24,100.0,,,,,
run,proposed.meanAlternativesShown,24,1.6996197718631179,,,,,
run,proposed.pctNeedingWholeTripParatransit,24,12.333333333333334,,,,,
run,proposed.meanAbsEtaErrorMin,24,2.1352743463221278,,,,,
run,proposed.crowdingKnownRatePct,24,24.099999999999998,,,,,
run,proposed.crowdingAccuracyWhenKnownPct,24,80.91286307053942,,,,,
run,proposed.crowdingSystemWideAccuracyPct,24,44.79999999999955,,,,,
run,proposed.paratransitMatchRatePct,24,94.76666666666667,,,,,
run,proposed.paratransitMeanWaitMin,24,6.540890145011682,,,,,
run,ablation.fr1Removed.itineraryFoundRatePct,24,62.33333333333333,,,,,
run,ablation.fr2Removed.itineraryFoundRatePct,24,56.99999999999999,,,,,
run,ablation.fr5Removed.crowdingSystemWideAccuracyPct,24,33.33333333333479,,,,,
run,ablation.fr6Removed.endToEndSuccessRatePct,24,87.66666666666667,,,,,
run,ablation.fr8Removed.paratransitMatchRatePct,24,73.36666666666667,,,,,
run,delta.fr1.itineraryFoundRatePct,24,25.333333333333343,,,,,
run,delta.fr2.itineraryFoundRatePct,24,30.66666666666668,,,,,
run,delta.fr5.crowdingSystemWideAccuracyPct,24,11.466666666664757,,,,,
run,delta.fr6.endToEndSuccessRatePct,24,12.333333333333329,,,,,
run,delta.fr8.paratransitMatchRatePct,24,21.39999999999999,,,,,
run,network.servedStops,24,32.0,,,,,
run,network.transferNodes,24,21.0,,,,,
run,network.busRailInterchanges,24,12.0,,,,,
run,network.overlappingRoutePairs,24,42.0,,,,,
run,network.routeKm,24,540.4468508170941,,,,,
run,network.meanInterStopKm,24,8.859784439624493,,,,,
run,network.railShareOfFastestItineraryPct,24,79.46768060836501,,,,,
run,network.meanTransfersFastestItinerary,24,0.9239543726235742,,,,,
run,reports.meanPerTrip,24,2.9466666666666668,,,,,
run,existing.itineraryFoundRatePct,25,60.333333333333336,,,,,
run,existing.endToEndSuccessRatePct,25,60.333333333333336,,,,,
run,existing.meanAlternativesShown,25,1.0055248618784531,,,,,
run,existing.pctNeedingWholeTripParatransit,25,39.666666666666664,,,,,
run,existing.meanAbsEtaErrorMin,25,2.5203723288807085,,,,,
run,existing.crowdingKnownRatePct,25,0.0,,,,,
run,existing.crowdingAccuracyWhenKnownPct,25,0.0,,,,,
run,existing.crowdingSystemWideAccuracyPct,25,33.33333333333479,,,,,
run,existing.paratransitMatchRatePct,25,0.0,,,,,
run,existing.paratransitMeanWaitMin,25,,,,,,
run,proposed.itineraryFoundRatePct,25,98.66666666666667,,,,,
run,proposed.endToEndSuccessRatePct,25,100.0,,,,,
run,proposed.meanAlternativesShown,25,1.9189189189189189,,,,,
run,proposed.pctNeedingWholeTripParatransit,25,1.3333333333333335,,,,,
run,proposed.meanAbsEtaErrorMin,25,2.1382616389930265,,,,,
run,proposed.crowdingKnownRatePct,25,26.633333333333333,,,,,
run,proposed.crowdingAccuracyWhenKnownPct,25,79.9749687108886,,,,,
run,proposed.crowdingSystemWideAccuracyPct,25,45.75555555555502,,,,,
run,proposed.paratransitMatchRatePct,25,94.19999999999999,,,,,
run,proposed.paratransitMeanWaitMin,25,6.7757427057561594,,,,,
run,ablation.fr1Removed.itineraryFoundRatePct,25,97.66666666666667,,,,,
run,ablation.fr2Removed.itineraryFoundRatePct,25,67.33333333333333,,,,,
run,ablation.fr5Removed.crowdingSystemWideAccuracyPct,25,33.33333333333479,,,,,
run,ablation.fr6Removed.endToEndSuccessRatePct,25,98.66666666666667,,,,,
run,ablation.fr8Removed.paratransitMatchRatePct,25,70.8,,,,,
run,delta.fr1.itineraryFoundRatePct,25,1.0,,,,,
run,delta.fr2.itineraryFoundRatePct,25,31.333333333333343,,,,,
run,delta.fr5.crowdingSystemWideAccuracyPct,25,12.422222222220228,,,,,
run,delta.fr6.endToEndSuccessRatePct,25,1.3333333333333286,,,,,
run,delta.fr8.paratransitMatchRatePct,25,23.39999999999999,,,,,
run,network.servedStops,25,36.0,,,,,
run,network.transferNodes,25,23.0,,,,,
run,network.busRailInterchanges,25,12.0,,,,,
run,network.overlappingRoutePairs,25,31.0,,,,,
run,network.routeKm,25,618.0697425866418,,,,,
run,network.meanInterStopKm,25,10.132290862076095,,,,,
run,network.railShareOfFastestItineraryPct,25,44.932432432432435,,,,,
run,network.meanTransfersFastestItinerary,25,1.0439189189189189,,,,,
run,reports.meanPerTrip,25,2.9843333333333333,,,,,
run,existing.itineraryFoundRatePct,26,56.333333333333336,,,,,
run,existing.endToEndSuccessRatePct,26,56.333333333333336,,,,,
run,existing.meanAlternativesShown,26,1.0118343195266273,,,,,
run,existing.pctNeedingWholeTripParatransit,26,43.666666666666664,,,,,
run,existing.meanAbsEtaErrorMin,26,2.5010594837508093,,,,,
run,existing.crowdingKnownRatePct,26,0.0,,,,,
run,existing.crowdingAccuracyWhenKnownPct,26,0.0,,,,,
run,existing.crowdingSystemWideAccuracyPct,26,33.33333333333479,,,,,
run,existing.paratransitMatchRatePct,26,0.0,,,,,
run,existing.paratransitMeanWaitMin,26,,,,,,
run,proposed.itineraryFoundRatePct,26,94.33333333333334,,,,,
run,proposed.endToEndSuccessRatePct,26,100.0,,,,,
run,proposed.meanAlternativesShown,26,2.067137809187279,,,,,
run,proposed.pctNeedingWholeTripParatransit,26,5.666666666666666,,,,,
run,proposed.meanAbsEtaErrorMin,26,2.1462854401887212,,,,,
run,proposed.crowdingKnownRatePct,26,26.766666666666666,,,,,
run,proposed.crowdingAccuracyWhenKnownPct,26,82.81444582814446,,,,,
run,proposed.crowdingSystemWideAccuracyPct,26,46.57777777777712,,,,,
run,proposed.paratransitMatchRatePct,26,94.26666666666667,,,,,
run,proposed.paratransitMeanWaitMin,26,6.530150660073603,,,,,
run,ablation.fr1Removed.itineraryFoundRatePct,26,92.33333333333333,,,,,
run,ablation.fr2Removed.itineraryFoundRatePct,26,64.0,,,,,
run,ablation.fr5Removed.crowdingSystemWideAccuracyPct,26,33.33333333333479,,,,,
run,ablation.fr6Removed.endToEndSuccessRatePct,26,94.33333333333334,,,,,
run,ablation.fr8Removed.paratransitMatchRatePct,26,71.33333333333334,,,,,
run,delta.fr1.itineraryFoundRatePct,26,2.000000000000014,,,,,
run,delta.fr2.itineraryFoundRatePct,26,30.333333333333343,,,,,
run,delta.fr5.crowdingSystemWideAccuracyPct,26,13.24444444444233,,,,,
run,delta.fr6.endToEndSuccessRatePct,26,5.666666666666657,,,,,
run,delta.fr8.paratransitMatchRatePct,26,22.933333333333323,,,,,
run,network.servedStops,26,33.0,,,,,
run,network.transferNodes,26,19.0,,,,,
run,network.busRailInterchanges,26,12.0,,,,,
run,network.overlappingRoutePairs,26,38.0,,,,,
run,network.routeKm,26,597.5500764056692,,,,,
run,network.meanInterStopKm,26,9.795902891896215,,,,,
run,network.railShareOfFastestItineraryPct,26,49.11660777385159,,,,,
run,network.meanTransfersFastestItinerary,26,1.0812720848056536,,,,,
run,reports.meanPerTrip,26,2.9583333333333335,,,,,
run,existing.itineraryFoundRatePct,27,57.666666666666664,,,,,
run,existing.endToEndSuccessRatePct,27,57.666666666666664,,,,,
run,existing.meanAlternativesShown,27,1.0404624277456647,,,,,
run,existing.pctNeedingWholeTripParatransit,27,42.333333333333336,,,,,
run,existing.meanAbsEtaErrorMin,27,2.5141675145560383,,,,,
run,existing.crowdingKnownRatePct,27,0.0,,,,,
run,existing.crowdingAccuracyWhenKnownPct,27,0.0,,,,,
run,existing.crowdingSystemWideAccuracyPct,27,33.33333333333479,,,,,
run,existing.paratransitMatchRatePct,27,0.0,,,,,
run,existing.paratransitMeanWaitMin,27,,,,,,
run,proposed.itineraryFoundRatePct,27,97.0,,,,,
run,proposed.endToEndSuccessRatePct,27,100.0,,,,,
run,proposed.meanAlternativesShown,27,2.06872852233677,,,,,
run,proposed.pctNeedingWholeTripParatransit,27,3.0,,,,,
run,proposed.meanAbsEtaErrorMin,27,2.1452472797721116,,,,,
run,proposed.crowdingKnownRatePct,27,25.233333333333334,,,,,
run,proposed.crowdingAccuracyWhenKnownPct,27,83.88375165125495,,,,,
run,proposed.crowdingSystemWideAccuracyPct,27,46.08888888888812,,,,,
run,proposed.paratransitMatchRatePct,27,95.0,,,,,
run,proposed.paratransitMeanWaitMin,27,6.534808807078405,,,,,
run,ablation.fr1Removed.itineraryFoundRatePct,27,95.0,,,,,
run,ablation.fr2Removed.itineraryFoundRatePct,27,69.0,,,,,
run,ablation.fr5Removed.crowdingSystemWideAccuracyPct,27,33.33333333333479,,,,,
run,ablation.fr6Removed.endToEndSuccessRatePct,27,97.0,,,,,
run,ablation.fr8Removed.paratransitMatchRatePct,27,71.3,,,,,
run,delta.fr1.itineraryFoundRatePct,27,2.0,,,,,
run,delta.fr2.itineraryFoundRatePct,27,28.0,,,,,
run,delta.fr5.crowdingSystemWideAccuracyPct,27,12.755555555553329,,,,,
run,delta.fr6.endToEndSuccessRatePct,27,3.0,,,,,
run,delta.fr8.paratransitMatchRatePct,27,23.700000000000003,,,,,
run,network.servedStops,27,35.0,,,,,
run,network.transferNodes,27,23.0,,,,,
run,network.busRailInterchanges,27,12.0,,,,,
run,network.overlappingRoutePairs,27,29.0,,,,,
run,network.routeKm,27,585.85771268234,,,,,
run,network.meanInterStopKm,27,9.604224798071147,,,,,
run,network.railShareOfFastestItineraryPct,27,63.57388316151203,,,,,
run,network.meanTransfersFastestItinerary,27,1.2405498281786942,,,,,
run,reports.meanPerTrip,27,2.996,,,,,
run,existing.itineraryFoundRatePct,28,51.33333333333333,,,,,
run,existing.endToEndSuccessRatePct,28,51.33333333333333,,,,,
run,existing.meanAlternativesShown,28,1.0584415584415585,,,,,
run,existing.pctNeedingWholeTripParatransit,28,48.66666666666667,,,,,
run,existing.meanAbsEtaErrorMin,28,2.5965201416185093,,,,,
run,existing.crowdingKnownRatePct,28,0.0,,,,,
run,existing.crowdingAccuracyWhenKnownPct,28,0.0,,,,,
run,existing.crowdingSystemWideAccuracyPct,28,33.33333333333479,,,,,
run,existing.paratransitMatchRatePct,28,0.0,,,,,
run,existing.paratransitMeanWaitMin,28,,,,,,
run,proposed.itineraryFoundRatePct,28,98.66666666666667,,,,,
run,proposed.endToEndSuccessRatePct,28,100.0,,,,,
run,proposed.meanAlternativesShown,28,1.8918918918918919,,,,,
run,proposed.pctNeedingWholeTripParatransit,28,1.3333333333333335,,,,,
run,proposed.meanAbsEtaErrorMin,28,2.2200084040255432,,,,,
run,proposed.crowdingKnownRatePct,28,26.23333333333333,,,,,
run,proposed.crowdingAccuracyWhenKnownPct,28,85.64167725540025,,,,,
run,proposed.crowdingSystemWideAccuracyPct,28,47.05555555555491,,,,,
run,proposed.paratransitMatchRatePct,28,94.63333333333334,,,,,
run,proposed.paratransitMeanWaitMin,28,6.80406208406489,,,,,
run,ablation.fr1Removed.itineraryFoundRatePct,28,89.0,,,,,
run,ablation.fr2Removed.itineraryFoundRatePct,28,70.33333333333334,,,,,
run,ablation.fr5Removed.crowdingSystemWideAccuracyPct,28,33.33333333333479,,,,,
run,ablation.fr6Removed.endToEndSuccessRatePct,28,98.66666666666667,,,,,
run,ablation.fr8Removed.paratransitMatchRatePct,28,71.03333333333333,,,,,
run,delta.fr1.itineraryFoundRatePct,28,9.666666666666671,,,,,
run,delta.fr2.itineraryFoundRatePct,28,28.33333333333333,,,,,
run,delta.fr5.crowdingSystemWideAccuracyPct,28,13.722222222220118,,,,,
run,delta.fr6.endToEndSuccessRatePct,28,1.3333333333333286,,,,,
run,delta.fr8.paratransitMatchRatePct,28,23.60000000000001,,,,,
run,network.servedStops,28,33.0,,,,,
run,network.transferNodes,28,27.0,,,,,
run,network.busRailInterchanges,28,14.0,,,,,
run,network.overlappingRoutePairs,28,37.0,,,,,
run,network.routeKm,28,629.5789517747615,,,,,
run,network.meanInterStopKm,28,10.320966422537074,,,,,
run,network.railShareOfFastestItineraryPct,28,67.9054054054054,,,,,
run,network.meanTransfersFastestItinerary,28,0.8378378378378378,,,,,
run,reports.meanPerTrip,28,3.021,,,,,
run,existing.itineraryFoundRatePct,29,50.66666666666667,,,,,
run,existing.endToEndSuccessRatePct,29,50.66666666666667,,,,,
run,existing.meanAlternativesShown,29,1.0263157894736843,,,,,
run,existing.pctNeedingWholeTripParatransit,29,49.333333333333336,,,,,
run,existing.meanAbsEtaErrorMin,29,2.530631663379888,,,,,
run,existing.crowdingKnownRatePct,29,0.0,,,,,
run,existing.crowdingAccuracyWhenKnownPct,29,0.0,,,,,
run,existing.crowdingSystemWideAccuracyPct,29,33.33333333333479,,,,,
run,existing.paratransitMatchRatePct,29,0.0,,,,,
run,existing.paratransitMeanWaitMin,29,,,,,,
run,proposed.itineraryFoundRatePct,29,99.33333333333333,,,,,
run,proposed.endToEndSuccessRatePct,29,100.0,,,,,
run,proposed.meanAlternativesShown,29,1.7919463087248322,,,,,
run,proposed.pctNeedingWholeTripParatransit,29,0.6666666666666667,,,,,
run,proposed.meanAbsEtaErrorMin,29,2.1280032741962054,,,,,
run,proposed.crowdingKnownRatePct,29,27.133333333333333,,,,,
run,proposed.crowdingAccuracyWhenKnownPct,29,81.94103194103194,,,,,
run,proposed.crowdingSystemWideAccuracyPct,29,46.52222222222156,,,,,
run,proposed.paratransitMatchRatePct,29,94.16666666666667,,,,,
run,proposed.paratransitMeanWaitMin,29,6.811579416151671,,,,,
run,ablation.fr1Removed.itineraryFoundRatePct,29,97.33333333333334,,,,,
run,ablation.fr2Removed.itineraryFoundRatePct,29,66.0,,,,,
run,ablation.fr5Removed.crowdingSystemWideAccuracyPct,29,33.33333333333479,,,,,
run,ablation.fr6Removed.endToEndSuccessRatePct,29,99.33333333333333,,,,,
run,ablation.fr8Removed.paratransitMatchRatePct,29,71.53333333333333,,,,,
run,delta.fr1.itineraryFoundRatePct,29,1.9999999999999858,,,,,
run,delta.fr2.itineraryFoundRatePct,29,33.33333333333333,,,,,
run,delta.fr5.crowdingSystemWideAccuracyPct,29,13.188888888886765,,,,,
run,delta.fr6.endToEndSuccessRatePct,29,0.6666666666666714,,,,,
run,delta.fr8.paratransitMatchRatePct,29,22.63333333333334,,,,,
run,network.servedStops,29,36.0,,,,,
run,network.transferNodes,29,22.0,,,,,
run,network.busRailInterchanges,29,14.0,,,,,
run,network.overlappingRoutePairs,29,31.0,,,,,
run,network.routeKm,29,608.3423964010628,,,,,
run,network.meanInterStopKm,29,9.972826170509228,,,,,
run,network.railShareOfFastestItineraryPct,29,53.355704697986575,,,,,
run,network.meanTransfersFastestItinerary,29,1.023489932885906,,,,,
run,reports.meanPerTrip,29,3.0356666666666667,,,,,
summary,existing.itineraryFoundRatePct,,,30,51.17777777777778,5.864846460924371,36.666666666666664,60.66666666666667
summary,existing.endToEndSuccessRatePct,,,30,51.17777777777778,5.864846460924371,36.666666666666664,60.66666666666667
summary,existing.meanAlternativesShown,,,30,1.03046357313767,0.019782374360515973,1.0055248618784531,1.0675675675675675
summary,existing.pctNeedingWholeTripParatransit,,,30,48.82222222222222,5.864846460924371,39.33333333333333,63.33333333333333
summary,existing.meanAbsEtaErrorMin,,,30,2.492983693562191,0.0511646105654011,2.3744478782943492,2.5965201416185093
summary,existing.crowdingKnownRatePct,,,30,0.0,0.0,0.0,0.0
summary,existing.crowdingAccuracyWhenKnownPct,,,30,0.0,0.0,0.0,0.0
summary,existing.crowdingSystemWideAccuracyPct,,,30,33.33333333333479,0.0,33.33333333333479,33.33333333333479
summary,existing.paratransitMatchRatePct,,,30,0.0,0.0,0.0,0.0
summary,proposed.itineraryFoundRatePct,,,30,95.5,4.0803707291563995,85.0,100.0
summary,proposed.endToEndSuccessRatePct,,,30,99.77777777777779,0.3427780727409199,98.66666666666667,100.0
summary,proposed.meanAlternativesShown,,,30,1.9723836928460659,0.1025633868835915,1.6996197718631179,2.1512027491408934
summary,proposed.pctNeedingWholeTripParatransit,,,30,4.5,4.080370729156399,0.0,15.0
summary,proposed.meanAbsEtaErrorMin,,,30,2.132443747552103,0.049769716733751274,2.020377498641835,2.229292113368683
summary,proposed.crowdingKnownRatePct,,,30,25.894444444444446,1.2670321110257505,22.566666666666666,28.7
summary,proposed.crowdingAccuracyWhenKnownPct,,,30,83.30433523687462,1.6860357921429798,79.9749687108886,86.62420382165605
summary,proposed.crowdingSystemWideAccuracyPct,,,30,46.27962962962897,0.8702503925349573,44.31111111111076,47.9666666666659
summary,proposed.paratransitMatchRatePct,,,30,94.65222222222222,0.37607402602727474,93.89999999999999,95.26666666666667
summary,proposed.paratransitMeanWaitMin,,,30,6.581066275753855,0.10676235901810585,6.419398180413981,6.811579416151671
summary,ablation.fr1Removed.itineraryFoundRatePct,,,30,89.54444444444445,8.084080820200597,62.33333333333333,99.33333333333333
summary,ablation.fr2Removed.itineraryFoundRatePct,,,30,64.07777777777777,5.155574547461387,53.0,74.66666666666667
summary,ablation.fr5Removed.crowdingSystemWideAccuracyPct,,,30,33.33333333333479,0.0,33.33333333333479,33.33333333333479
summary,ablation.fr6Removed.endToEndSuccessRatePct,,,30,95.5,4.0803707291563995,85.0,100.0
summary,ablation.fr8Removed.paratransitMatchRatePct,,,30,72.45777777777776,0.8417703172018454,70.8,73.86666666666667
summary,delta.fr1.itineraryFoundRatePct,,,30,5.955555555555557,6.2641308964302285,0.0,25.333333333333343
summary,delta.fr2.itineraryFoundRatePct,,,30,31.422222222222224,5.084672582830178,18.66666666666667,42.333333333333336
summary,delta.fr5.crowdingSystemWideAccuracyPct,,,30,12.94629629629418,0.8702503925349573,10.97777777777597,14.633333333331109
summary,delta.fr6.endToEndSuccessRatePct,,,30,4.277777777777777,3.9266096178098593,0.0,13.666666666666671
summary,delta.fr8.paratransitMatchRatePct,,,30,22.194444444444443,0.7952966787004588,20.66666666666667,23.700000000000003
summary,network.servedStops,,,30,34.4,1.4287684593190135,32.0,38.0
summary,network.transferNodes,,,30,22.366666666666667,2.326508903520663,18.0,27.0
summary,network.busRailInterchanges,,,30,12.166666666666666,1.984132457573184,6.0,16.0
summary,network.overlappingRoutePairs,,,30,33.96666666666667,2.941772083031884,29.0,42.0
summary,network.routeKm,,,30,591.2843607079207,49.92734757106889,467.7495793767961,674.5851300675887
summary,network.meanInterStopKm,,,30,9.693186241113454,0.8184811077224409,7.668025891422887,11.05877262405883
summary,network.railShareOfFastestItineraryPct,,,30,56.78661746071813,8.701953426985828,40.2027027027027,79.46768060836501
summary,network.meanTransfersFastestItinerary,,,30,1.0335190727680088,0.1135974088380384,0.8175438596491228,1.2907801418439717
summary,reports.meanPerTrip,,,30,2.9969555555555556,0.03400920918027482,2.929333333333333,3.050333333333333
direction,proposedFindsMoreItineraries,,30,30,,,,
direction,proposedHigherEndToEndSuccess,,30,30,,,,
direction,proposedLowerEtaError,,30,30,,,,
direction,coordinatedDispatchBeatsNaive,,30,30,,,,
direction,fr2DeltaExceedsFr1Delta,,30,30,,,,
direction,runs,,30,30,,,,
